Name,Sequence
>KIR2DL1>001,CGCAAGACCTGGCAGGGACCTACAGATGCTAC
>KIR2DL1>002,ACGCAAGACCTGGCAGGGACCTACAGATGCTA
>KIR2DL1>003,GACGCAAGACCTGGCAGGGACCTACAGATGCT
>KIR2DL1>004,TGACGCAAGACCTGGCAGGGACCTACAGATGC
>KIR2DL1>005,ATGACGCAAGACCTGGCAGGGACCTACAGATG
>KIR2DL1>006,CATGACGCAAGACCTGGCAGGGACCTACAGAT
>KIR2DL1>007,GCATGACGCAAGACCTGGCAGGGACCTACAGA
>KIR2DL1>008,CGCATGACGCAAGACCTGGCAGGGACCTACAG
>KIR2DL1>009,TCGCATGACGCAAGACCTGGCAGGGACCTACA
>KIR2DL1>010,GTCGCATGACGCAAGACCTGGCAGGGACCTAC
>KIR2DL2>short,ACAATGGGCGTCACATACAAAAATTATGGAAA
>KIR2DL3>2,TCCGGACATTCTCATTGTCATTGGGATGCAGAGTGAATGATC
>KIR2DL23>002,CATACGAGTGGTCAAACTCGAGTGACCCACTG
>KIR2DL23>004,TCCATACGAGTGGTCAAACTCGAGTGACCCAC
>KIR2DL23>006,TCTCCATACGAGTGGTCAAACTCGAGTGACCC
>KIR2DL23>009,GACTCTCCATACGAGTGGTCAAACTCGAGTGA
>KIR2DL23>011,GTGACTCTCCATACGAGTGGTCAAACTCGAGT
>KIR2DL23>012,CGTGACTCTCCATACGAGTGGTCAAACTCGAG
>KIR2DL23>013,CCGTGACTCTCCATACGAGTGGTCAAACTCGA
>KIR2DL23>014,TCCGTGACTCTCCATACGAGTGGTCAAACTCG
>KIR2DL23>016,TTTCCGTGACTCTCCATACGAGTGGTCAAACT
>KIR2DL23>017,CTTTCCGTGACTCTCCATACGAGTGGTCAAAC
>KIR2DL4>125,CTGCATTTTCACACAGAGAAAAATCACTGGCC
>KIR2DL4>129,ATCACTGCATTTTCACACAGAGAAAAATCACT
>KIR2DL4>133,TTGGATCACTGCATTTTCACACAGAGAAAAAT
>KIR2DL4>146,GACATACGCACAGTTGGATCACTGCATTTTCA
>KIR2DL4>150,AGGTGACATACGCACAGTTGGATCACTGCATT
>KIR2DL5>219,AACTCTTCAAGTAGTTCATCTTCACCCACTGA
>KIR2DL5>221,GAAACTCTTCAAGTAGTTCATCTTCACCCACT
>KIR2DL5>232,ACTCACCCTATGAGTGGTCAGACCCGAGTGAC
>KIR2DL5>255,GAGGGCCCATGAACCTAGGCTCCCTGCAGTGC
>KIR2DL5>257,GGGAGGGCCCATGAACCTAGGCTCCCTGCAGT
>KIR2DL5>293,AGGAGCTCATTTGACATGTACCATCTATCCAG
>KIR2DL5>312,GACCTTGTCCTGCAGCTCCAGGAGCTCATTTG
>KIR2DL5>319,AGAACGTGACCTTGTCCTGCAGCTCCAGGAGC
>KIR2DL5>326,CCTTCACTCTCAGCCCAGCCGGGCCCCACGGT
>KIR2DL5>327,ACCTTCACTCTCAGCCCAGCCGGGCCCCACGG
>KIR2DP1>034,CATACGTACAGTTGGATCACTGCGTTTTCACA
>KIR2DP1>039,GGTGACATACGTACAGTTGGATCACTGCGTTT
>KIR2DP1>051,AGACCCTCAGGAGGTGACATACGTACAGTTGG
>KIR2DP1>066,CCCCATCAGTTGTCAGCTCCCAGTGACCCTCT
>KIR2DP1>074,ACTCACTCCCCCATCAGTTGTCAGCTCCCAGT
>KIR2DP1>082,GGAAGACCTGGCAGGGACCTACAGATGCTACG
>KIR2DP1>086,TGATGGAAGACCTGGCAGGGACCTACAGATGC
>KIR2DP1>087,ATGATGGAAGACCTGGCAGGGACCTACAGATG
>KIR2DS1>001,TGAAGCAAGACCTGGCAGGGACCTACAGATGCTACGGTTCTGTTACTCACTCCCCCTATCAGTTGTC
>KIR2DS1>002,ACAGGGGCCATACCGGGAGTTTGAAAAGACAGAAAGAGTTAAAGGAAACACACAGACAGACATGTCC
>KIR2DS2>001,ATAAGGACACTTTGCACCTCATTGGAGAGCAC
>KIR2DS2>002,TATAAGGACACTTTGCACCTCATTGGAGAGCA
>KIR2DS2>004,AGTATAAGGACACTTTGCACCTCATTGGAGAG
>KIR2DS2>008,GGGAAGTATAAGGACACTTTGCACCTCATTGG
>KIR2DS2>014,AGAGAGGGGAAGTATAAGGACACTTTGCACCT
>KIR2DS2>019,TGCACAGAGAGGGGAAGTATAAGGACACTTTG
>KIR2DS2>022,TTCTGCACAGAGAGGGGAAGTATAAGGACACT
>KIR2DS2>023,CTTCTGCACAGAGAGGGGAAGTATAAGGACAC
>KIR2DS2>027,CTTCCTTCTGCACAGAGAGGGGAAGTATAAGG
>KIR2DS2>028,ACTTCCTTCTGCACAGAGAGGGGAAGTATAAG
>KIR2DS3>027,TTCAGCTCCCAGTGACCCTCTGGACATCGTGA
>KIR2DS3>028,TTTCAGCTCCCAGTGACCCTCTGGACATCGTG
>KIR2DS3>032,CAGTTTTCAGCTCCCAGTGACCCTCTGGACAT
>KIR2DS3>035,TATCAGTTTTCAGCTCCCAGTGACCCTCTGGA
>KIR2DS3>047,CCTCACTCCCCCTATCAGTTTTCAGCTCCCAG
>KIR2DS3>060,CGGTCGCATGAGGCAAGACCTGGCAGGGACCT
>KIR2DS3>061,TCGGTCGCATGAGGCAAGACCTGGCAGGGACC
>KIR2DS3>092,TGGAGAGCACATTGATGGGGTCTCCAAGGCCA
>KIR2DS3>093,TTGGAGAGCACATTGATGGGGTCTCCAAGGCC
>KIR2DS3>094,ATTGGAGAGCACATTGATGGGGTCTCCAAGGC
>KIR2DS4>021,GGGAGGCCCATGAACGTAGGCTCCCTGCAGTG
>KIR2DS4>036,CAACTTCTCCATTGGTCCCATGATGCCTGTCC
>KIR2DS4>039,GGCCAACTTCTCCATTGGTCCCATGATGCCTG
>KIR2DS4>040,AGGCCAACTTCTCCATTGGTCCCATGATGCCT
>KIR2DS4>045,GGTTTCCAAGGCCAACTTCTCCATTGGTCCCA
>KIR2DS4>072,TCACCTGGTGAAATCAGAAGAGACAGTCATCC
>KIR2DS4>073,GTCACCTGGTGAAATCAGAAGAGACAGTCATC
>KIR2DS4>078,CCCAGGTCACCTGGTGAAATCAGAAGAGACAG
>KIR2DS4>105,CCACAGAAAACCTTCCTTCCTGGCCCTCCCAG
>KIR2DS5>017,ACACAAGACCTGGCAGGGACCTACAGATGCTA
>KIR2DS5>021,CATGACACAAGACCTGGCAGGGACCTACAGAT
>KIR2DS5>022,GCATGACACAAGACCTGGCAGGGACCTACAGA
>KIR2DS5>023,CGCATGACACAAGACCTGGCAGGGACCTACAG
>KIR2DS5>033,CTCCATCGGTCGCATGACACAAGACCTGGCAG
>KIR2DS5>044,AAGGGCAACTTCTCCATCGGTCGCATGACACA
>KIR2DS5>051,GGTCTCCAAGGGCAACTTCTCCATCGGTCGCA
>KIR2DS5>063,GCACATTGATGGGGTCTCCAAGGGCAACTTCT
>KIR2DS5>065,GAGCACATTGATGGGGTCTCCAAGGGCAACTT
>KIR2DS5>071,ATTGGAGAGCACATTGATGGGGTCTCCAAGGG
>KIR3DL1>001,ATACCATCTTGTACACGGAACTTCCAAATGCT
>KIR3DL1>011,CCCCCTACAGATACCATCTTGTACACGGAACT
>KIR3DL1>012,ACCCCCTACAGATACCATCTTGTACACGGAAC
>KIR3DL1>016,AGACACCCCCTACAGATACCATCTTGTACACG
>KIR3DL1>020,CCCAAGACACCCCCTACAGATACCATCTTGTA
>KIR3DL1>023,AGGCCCAAGACACCCCCTACAGATACCATCTT
>KIR3DL1>029,TCTCAGAGGCCCAAGACACCCCCTACAGATAC
>KIR3DL1>031,CTTCTCAGAGGCCCAAGACACCCCCTACAGAT
>KIR3DL1>036,TCGCCCTTCTCAGAGGCCCAAGACACCCCCTA
>KIR3DL1>038,AGCCTGCAGGGAACAGAACAGCCAACAGCGAG
>KIR3DL2>042,TGGTCAAACTCAAGTGACCCACTGCTTGTTTC
>KIR3DL2>054,CTGCCCTGCGTGTGGTCAAACTCAAGTGACCC
>KIR3DL2>057,GCAGACTTTCCTCTGGGCCCTGCCACCCACGG
>KIR3DL2>058,GGCAGACTTTCCTCTGGGCCCTGCCACCCACG
>KIR3DL2>063,TTCCAGGCAGACTTTCCTCTGGGCCCTGCCAC
>KIR3DL2>066,ACATTCCAGGCAGACTTTCCTCTGGGCCCTGC
>KIR3DL2>071,ACAGAACATTCCAGGCAGACTTTCCTCTGGGC
>KIR3DL2>079,CAAGGTCAACAGAACATTCCAGGCAGACTTTC
>KIR3DL2>081,CCCAAGGTCAACAGAACATTCCAGGCAGACTT
>KIR3DL2>099,TTAACAATTTCATGCTGTACAAAGAAGACAGA
>KIR3DL3>006,TCCAGGCCAACTTCCCTCTGGGCCCTGTGACC
>KIR3DL3>036,GGTTCTGTCACTCACTTACCCTATGAGTTGTC
>KIR3DL3>080,TTCTGCACAGAGAGGGGATCACTGAGGACCCC
>KIR3DL3>082,CCTTCTGCACAGAGAGGGGATCACTGAGGACC
>KIR3DL3>084,TTCCTTCTGCACAGAGAGGGGATCACTGAGGA
>KIR3DL3>087,GGCACCCAGCAACCCTGTGGTGATCATGGTCA
>KIR3DL3>089,ATGCAGGGACCTACAGATGTTGCAGTTCACAC
>KIR3DL3>096,CCAGCACATGCAGGGACCTACAGATGTTGCAG
>KIR3DL3>099,ACCCCAGCACATGCAGGGACCTACAGATGTTG
>KIR3DL3>105,CTGAAGGACAACATGTGACTCTTCAGTGTCGC
>KIR3DP1>089,AGCTCCCAGTGACCCTCTGGACATCGTGATTA
>KIR3DP1>122,GGACCTACAGATGCTACGGTTCTGTTCCTCAT
>KIR3DP1>161,CACTTCCTCACTGGGTGGTCAGCACCCAGCAA
>KIR3DP1>176,CGGGGTTCACACCCACACTTCCTCACTGGGTG
>KIR3DS1>004,AAGAGCCTGCAGGGAACAGAAGTGAACAGCGA
>KIR3DS1>006,CCAAGAGCCTGCAGGGAACAGAAGTGAACAGC
>KIR3DS1>007,ACCAAGAGCCTGCAGGGAACAGAAGTGAACAG
>KIR3DS1>011,ATGGACCAAGAGCCTGCAGGGAACAGAAGTGA
>KIR3DS1>013,TAATGGACCAAGAGCCTGCAGGGAACAGAAGT
>KIR3DS1>014,GTAATGGACCAAGAGCCTGCAGGGAACAGAAG
>KIR3DS1>016,ACATTCTGATTGGGACCTCAGTGGTCAAAATC
>KIR3DS1>017,CACATTCTGATTGGGACCTCAGTGGTCAAAAT
>KIR3DS1>024,GTAACCTCAGACACCTGCACATTCTGATTGGG
>KIR2DL1>001_rc,GTAGCATCTGTAGGTCCCTGCCAGGTCTTGCG
>KIR2DL1>002_rc,TAGCATCTGTAGGTCCCTGCCAGGTCTTGCGT
>KIR2DL1>003_rc,AGCATCTGTAGGTCCCTGCCAGGTCTTGCGTC
>KIR2DL1>004_rc,GCATCTGTAGGTCCCTGCCAGGTCTTGCGTCA
>KIR2DL1>005_rc,CATCTGTAGGTCCCTGCCAGGTCTTGCGTCAT
>KIR2DL1>006_rc,ATCTGTAGGTCCCTGCCAGGTCTTGCGTCATG
>KIR2DL1>007_rc,TCTGTAGGTCCCTGCCAGGTCTTGCGTCATGC
>KIR2DL1>008_rc,CTGTAGGTCCCTGCCAGGTCTTGCGTCATGCG
>KIR2DL1>009_rc,TGTAGGTCCCTGCCAGGTCTTGCGTCATGCGA
>KIR2DL1>010_rc,GTAGGTCCCTGCCAGGTCTTGCGTCATGCGAC
>KIR2DL2>short_rc,TTTCCATAATTTTTGTATGTGACGCCCATTGT
>KIR2DL3>2_rc,GATCATTCACTCTGCATCCCAATGACAATGAGAATGTCCGGA
>KIR2DL23>002_rc,CAGTGGGTCACTCGAGTTTGACCACTCGTATG
>KIR2DL23>004_rc,GTGGGTCACTCGAGTTTGACCACTCGTATGGA
>KIR2DL23>006_rc,GGGTCACTCGAGTTTGACCACTCGTATGGAGA
>KIR2DL23>009_rc,TCACTCGAGTTTGACCACTCGTATGGAGAGTC
>KIR2DL23>011_rc,ACTCGAGTTTGACCACTCGTATGGAGAGTCAC
>KIR2DL23>012_rc,CTCGAGTTTGACCACTCGTATGGAGAGTCACG
>KIR2DL23>013_rc,TCGAGTTTGACCACTCGTATGGAGAGTCACGG
>KIR2DL23>014_rc,CGAGTTTGACCACTCGTATGGAGAGTCACGGA
>KIR2DL23>016_rc,AGTTTGACCACTCGTATGGAGAGTCACGGAAA
>KIR2DL23>017_rc,GTTTGACCACTCGTATGGAGAGTCACGGAAAG
>KIR2DL4>125_rc,GGCCAGTGATTTTTCTCTGTGTGAAAATGCAG
>KIR2DL4>129_rc,AGTGATTTTTCTCTGTGTGAAAATGCAGTGAT
>KIR2DL4>133_rc,ATTTTTCTCTGTGTGAAAATGCAGTGATCCAA
>KIR2DL4>146_rc,TGAAAATGCAGTGATCCAACTGTGCGTATGTC
>KIR2DL4>150_rc,AATGCAGTGATCCAACTGTGCGTATGTCACCT
>KIR2DL5>219_rc,TCAGTGGGTGAAGATGAACTACTTGAAGAGTT
>KIR2DL5>221_rc,AGTGGGTGAAGATGAACTACTTGAAGAGTTTC
>KIR2DL5>232_rc,GTCACTCGGGTCTGACCACTCATAGGGTGAGT
>KIR2DL5>255_rc,GCACTGCAGGGAGCCTAGGTTCATGGGCCCTC
>KIR2DL5>257_rc,ACTGCAGGGAGCCTAGGTTCATGGGCCCTCCC
>KIR2DL5>293_rc,CTGGATAGATGGTACATGTCAAATGAGCTCCT
>KIR2DL5>312_rc,CAAATGAGCTCCTGGAGCTGCAGGACAAGGTC
>KIR2DL5>319_rc,GCTCCTGGAGCTGCAGGACAAGGTCACGTTCT
>KIR2DL5>326_rc,ACCGTGGGGCCCGGCTGGGCTGAGAGTGAAGG
>KIR2DL5>327_rc,CCGTGGGGCCCGGCTGGGCTGAGAGTGAAGGT
>KIR2DP1>034_rc,TGTGAAAACGCAGTGATCCAACTGTACGTATG
>KIR2DP1>039_rc,AAACGCAGTGATCCAACTGTACGTATGTCACC
>KIR2DP1>051_rc,CCAACTGTACGTATGTCACCTCCTGAGGGTCT
>KIR2DP1>066_rc,AGAGGGTCACTGGGAGCTGACAACTGATGGGG
>KIR2DP1>074_rc,ACTGGGAGCTGACAACTGATGGGGGAGTGAGT
>KIR2DP1>082_rc,CGTAGCATCTGTAGGTCCCTGCCAGGTCTTCC
>KIR2DP1>086_rc,GCATCTGTAGGTCCCTGCCAGGTCTTCCATCA
>KIR2DP1>087_rc,CATCTGTAGGTCCCTGCCAGGTCTTCCATCAT
>KIR2DS1>001_rc,GACAACTGATAGGGGGAGTGAGTAACAGAACCGTAGCATCTGTAGGTCCCTGCCAGGTCTTGCTTCA
>KIR2DS1>002_rc,GGACATGTCTGTCTGTGTGTTTCCTTTAACTCTTTCTGTCTTTTCAAACTCCCGGTATGGCCCCTGT
>KIR2DS2>001_rc,GTGCTCTCCAATGAGGTGCAAAGTGTCCTTAT
>KIR2DS2>002_rc,TGCTCTCCAATGAGGTGCAAAGTGTCCTTATA
>KIR2DS2>004_rc,CTCTCCAATGAGGTGCAAAGTGTCCTTATACT
>KIR2DS2>008_rc,CCAATGAGGTGCAAAGTGTCCTTATACTTCCC
>KIR2DS2>014_rc,AGGTGCAAAGTGTCCTTATACTTCCCCTCTCT
>KIR2DS2>019_rc,CAAAGTGTCCTTATACTTCCCCTCTCTGTGCA
>KIR2DS2>022_rc,AGTGTCCTTATACTTCCCCTCTCTGTGCAGAA
>KIR2DS2>023_rc,GTGTCCTTATACTTCCCCTCTCTGTGCAGAAG
>KIR2DS2>027_rc,CCTTATACTTCCCCTCTCTGTGCAGAAGGAAG
>KIR2DS2>028_rc,CTTATACTTCCCCTCTCTGTGCAGAAGGAAGT
>KIR2DS3>027_rc,TCACGATGTCCAGAGGGTCACTGGGAGCTGAA
>KIR2DS3>028_rc,CACGATGTCCAGAGGGTCACTGGGAGCTGAAA
>KIR2DS3>032_rc,ATGTCCAGAGGGTCACTGGGAGCTGAAAACTG
>KIR2DS3>035_rc,TCCAGAGGGTCACTGGGAGCTGAAAACTGATA
>KIR2DS3>047_rc,CTGGGAGCTGAAAACTGATAGGGGGAGTGAGG
>KIR2DS3>060_rc,AGGTCCCTGCCAGGTCTTGCCTCATGCGACCG
>KIR2DS3>061_rc,GGTCCCTGCCAGGTCTTGCCTCATGCGACCGA
>KIR2DS3>092_rc,TGGCCTTGGAGACCCCATCAATGTGCTCTCCA
>KIR2DS3>093_rc,GGCCTTGGAGACCCCATCAATGTGCTCTCCAA
>KIR2DS3>094_rc,GCCTTGGAGACCCCATCAATGTGCTCTCCAAT
>KIR2DS4>021_rc,CACTGCAGGGAGCCTACGTTCATGGGCCTCCC
>KIR2DS4>036_rc,GGACAGGCATCATGGGACCAATGGAGAAGTTG
>KIR2DS4>039_rc,CAGGCATCATGGGACCAATGGAGAAGTTGGCC
>KIR2DS4>040_rc,AGGCATCATGGGACCAATGGAGAAGTTGGCCT
>KIR2DS4>045_rc,TGGGACCAATGGAGAAGTTGGCCTTGGAAACC
>KIR2DS4>072_rc,GGATGACTGTCTCTTCTGATTTCACCAGGTGA
>KIR2DS4>073_rc,GATGACTGTCTCTTCTGATTTCACCAGGTGAC
>KIR2DS4>078_rc,CTGTCTCTTCTGATTTCACCAGGTGACCTGGG
>KIR2DS4>105_rc,CTGGGAGGGCCAGGAAGGAAGGTTTTCTGTGG
>KIR2DS5>017_rc,TAGCATCTGTAGGTCCCTGCCAGGTCTTGTGT
>KIR2DS5>021_rc,ATCTGTAGGTCCCTGCCAGGTCTTGTGTCATG
>KIR2DS5>022_rc,TCTGTAGGTCCCTGCCAGGTCTTGTGTCATGC
>KIR2DS5>023_rc,CTGTAGGTCCCTGCCAGGTCTTGTGTCATGCG
>KIR2DS5>033_rc,CTGCCAGGTCTTGTGTCATGCGACCGATGGAG
>KIR2DS5>044_rc,TGTGTCATGCGACCGATGGAGAAGTTGCCCTT
>KIR2DS5>051_rc,TGCGACCGATGGAGAAGTTGCCCTTGGAGACC
>KIR2DS5>063_rc,AGAAGTTGCCCTTGGAGACCCCATCAATGTGC
>KIR2DS5>065_rc,AAGTTGCCCTTGGAGACCCCATCAATGTGCTC
>KIR2DS5>071_rc,CCCTTGGAGACCCCATCAATGTGCTCTCCAAT
>KIR3DL1>001_rc,AGCATTTGGAAGTTCCGTGTACAAGATGGTAT
>KIR3DL1>011_rc,AGTTCCGTGTACAAGATGGTATCTGTAGGGGG
>KIR3DL1>012_rc,GTTCCGTGTACAAGATGGTATCTGTAGGGGGT
>KIR3DL1>016_rc,CGTGTACAAGATGGTATCTGTAGGGGGTGTCT
>KIR3DL1>020_rc,TACAAGATGGTATCTGTAGGGGGTGTCTTGGG
>KIR3DL1>023_rc,AAGATGGTATCTGTAGGGGGTGTCTTGGGCCT
>KIR3DL1>029_rc,GTATCTGTAGGGGGTGTCTTGGGCCTCTGAGA
>KIR3DL1>031_rc,ATCTGTAGGGGGTGTCTTGGGCCTCTGAGAAG
>KIR3DL1>036_rc,TAGGGGGTGTCTTGGGCCTCTGAGAAGGGCGA
>KIR3DL1>038_rc,CTCGCTGTTGGCTGTTCTGTTCCCTGCAGGCT
>KIR3DL2>042_rc,GAAACAAGCAGTGGGTCACTTGAGTTTGACCA
>KIR3DL2>054_rc,GGGTCACTTGAGTTTGACCACACGCAGGGCAG
>KIR3DL2>057_rc,CCGTGGGTGGCAGGGCCCAGAGGAAAGTCTGC
>KIR3DL2>058_rc,CGTGGGTGGCAGGGCCCAGAGGAAAGTCTGCC
>KIR3DL2>063_rc,GTGGCAGGGCCCAGAGGAAAGTCTGCCTGGAA
>KIR3DL2>066_rc,GCAGGGCCCAGAGGAAAGTCTGCCTGGAATGT
>KIR3DL2>071_rc,GCCCAGAGGAAAGTCTGCCTGGAATGTTCTGT
>KIR3DL2>079_rc,GAAAGTCTGCCTGGAATGTTCTGTTGACCTTG
>KIR3DL2>081_rc,AAGTCTGCCTGGAATGTTCTGTTGACCTTGGG
>KIR3DL2>099_rc,TCTGTCTTCTTTGTACAGCATGAAATTGTTAA
>KIR3DL3>006_rc,GGTCACAGGGCCCAGAGGGAAGTTGGCCTGGA
>KIR3DL3>036_rc,GACAACTCATAGGGTAAGTGAGTGACAGAACC
>KIR3DL3>080_rc,GGGGTCCTCAGTGATCCCCTCTCTGTGCAGAA
>KIR3DL3>082_rc,GGTCCTCAGTGATCCCCTCTCTGTGCAGAAGG
>KIR3DL3>084_rc,TCCTCAGTGATCCCCTCTCTGTGCAGAAGGAA
>KIR3DL3>087_rc,TGACCATGATCACCACAGGGTTGCTGGGTGCC
>KIR3DL3>089_rc,GTGTGAACTGCAACATCTGTAGGTCCCTGCAT
>KIR3DL3>096_rc,CTGCAACATCTGTAGGTCCCTGCATGTGCTGG
>KIR3DL3>099_rc,CAACATCTGTAGGTCCCTGCATGTGCTGGGGT
>KIR3DL3>105_rc,GCGACACTGAAGAGTCACATGTTGTCCTTCAG
>KIR3DP1>089_rc,TAATCACGATGTCCAGAGGGTCACTGGGAGCT
>KIR3DP1>122_rc,ATGAGGAACAGAACCGTAGCATCTGTAGGTCC
>KIR3DP1>161_rc,TTGCTGGGTGCTGACCACCCAGTGAGGAAGTG
>KIR3DP1>176_rc,CACCCAGTGAGGAAGTGTGGGTGTGAACCCCG
>KIR3DS1>004_rc,TCGCTGTTCACTTCTGTTCCCTGCAGGCTCTT
>KIR3DS1>006_rc,GCTGTTCACTTCTGTTCCCTGCAGGCTCTTGG
>KIR3DS1>007_rc,CTGTTCACTTCTGTTCCCTGCAGGCTCTTGGT
>KIR3DS1>011_rc,TCACTTCTGTTCCCTGCAGGCTCTTGGTCCAT
>KIR3DS1>013_rc,ACTTCTGTTCCCTGCAGGCTCTTGGTCCATTA
>KIR3DS1>014_rc,CTTCTGTTCCCTGCAGGCTCTTGGTCCATTAC
>KIR3DS1>016_rc,GATTTTGACCACTGAGGTCCCAATCAGAATGT
>KIR3DS1>017_rc,ATTTTGACCACTGAGGTCCCAATCAGAATGTG
>KIR3DS1>024_rc,CCCAATCAGAATGTGCAGGTGTCTGAGGTTAC
*KIR2DL1*028,CCAAGGCCAACTTCTCCGTCAGTCGCATGACG
*KIR2DL1*028_rc,CGTCATGCGACTGACGGAGAAGTTGGCCTTGG
*KIR2DL1*036,TGGAGGGACCTACAGATGCTGCGGCTCTTTCCG
*KIR2DL1*036_rc,CGGAAAGAGCCGCAGCATCTGTAGGTCCCTCCA
*KIR2DL1*T796,TTCTTTCTCCTTCATTGCTGGTGCTCCAACA
*KIR2DL1*T796_rc,TGTTGGAGCACCAGCAATGAAGGAGAAAGAA
*KIR2DL1*4and7,ACCCAGGTCAAGGACAGGTTAAGAAACAACA
*KIR2DL1*4and7_rc,TGTTGTTTCTTAACCTGTCCTTGACCTGGGT
*KIR2DL1*4710b,TGTCTTTCTTCAGACAAGTGTCCTGGAGCAT
*KIR2DL1*4710b_rc,ATGCTCCAGGACACTTGTCTGAAGAAAGACA
*KIR2DL1*7only,CCCAGTGACCCTCTGGACGTCGTGATCATAGG
*KIR2DL1*7only_rc,CCTATGATCACGACGTCCAGAGGGTCACTGGG
*KIR2DL1KIR3DL2*fu,CCAGGTGCATAACTGGAATCTAGGAGACCGTGGAAAAGGCAATTGCCGCCCCACTGGTGAAATGTGGTGCTGATTTAGACACTAAATGAATGAAGTAGATGGATATAAGATATGTTTGTGAGGTAGAATCATTGGCTGGAAAGGCTTG
*KIR2DL1KIR3DL2*fu_rc,CAAGCCTTTCCAGCCAATGATTCTACCTCACAAACATATCTTATATCCATCTACTTCATTCATTTAGTGTCTAAATCAGCACCACATTTCACCAGTGGGGCGGCAATTGCCTTTTCCACGGTCTCCTAGATTCCAGTTATGCACCTGG
*KIR2DL2*002syn,ACTCCCCCTATCAGTTATCAGCTCCCAGTGAC
*KIR2DL2*002syn_rc,GTCACTGGGAGCTGATAACTGATAGGGGGAGT
*KIR2DL3*029,TGTACCATCTATCCAGGGAGGGGGAGGCCCATGAAAGTAGGTTCTCTGCAGGGCCCAAGGTCAA
*KIR2DL3*029_rc,TTGACCTTGGGCCCTGCAGAGAACCTACTTTCATGGGCCTCCCCCTCCCTGGATAGATGGTACA
*KIR2DL3*008N,GTCTATATGAGAAACCTTCTCTCTCAGCCCAGCTGGGCCCCACGGTTCTGGCAGGAGAGAGCGT
*KIR2DL3*008N_rc,ACGCTCTCTCCTGCCAGAACCGTGGGGCCCAGCTGGGCTGAGAGAGAAGGTTTCTCATATAGAC
*KIR2DL4*10A64,TCTCCTTCATCGCTGGTGCTCCAAAAAAAAAAGTAAGCCTCACGAAGCAGAGGCCAGAGAACT
*KIR2DL4*10A64_rc,AGTTCTCTGGCCTCTGCTTCGTGAGGCTTACTTTTTTTTTTGGAGCACCAGCGATGAAGGAGA
*KIR2DL4*9A64,TCTCCTTCATCGCTGGTGCTCCAAAAAAAAAGTAAGCCTCACGAAGCAGAGGCCAGAGAACTC
*KIR2DL4*9A64_rc,GAGTTCTCTGGCCTCTGCTTCGTGAGGCTTACTTTTTTTTTGGAGCACCAGCGATGAAGGAGA
*KIR2DL4*001syn,CGGCACCCAGCAACCCCTTGGTGATCATGGTC
*KIR2DL4*001syn_rc,GACCATGATCACCAAGGGGTTGCTGGGTGCCG
*KIR2DL4*Edi,AGGGCCCCATGGTTCGCGCAGGAGAGAACGTGACCTTGTCCTGCAGCTCCCAGAGCTCCTTTG
*KIR2DL4*Edi_rc,CAAAGGAGCTCTGGGAGCTGCAGGACAAGGTCACGTTCTCTCCTGCGCGAACCATGGGGCCCT
*KIR2DS1*a001,GAGGCAAGACCTGGCAGGGACCTACAGATGCTACGGTTCTGTTACTCACTCCCCCTATCAGTTGT
*KIR2DS1*a001_rc,ACAACTGATAGGGGGAGTGAGTAACAGAACCGTAGCATCTGTAGGTCCCTGCCAGGTCTTGCCTC
*KIR2DS1*a002etc,GAAGCAAGACCTGGCAGGGACCTACAGATGCTACGGTTCTGTTACTCACTCCCCCTATCAGTTGT
*KIR2DS1*a002etc_rc,ACAACTGATAGGGGGAGTGAGTAACAGAACCGTAGCATCTGTAGGTCCCTGCCAGGTCTTGCTTC
*KIR2DS1*a0048,GAAGCAAGACCTGGCAGGGACCTACAGATGCTACGGTTCTGTTACTCACTCCCCCTATCAGGTGT
*KIR2DS1*a0048_rc,ACACCTGATAGGGGGAGTGAGTAACAGAACCGTAGCATCTGTAGGTCCCTGCCAGGTCTTGCTTC
*KIR2DS1*00301,CGACACTTTGCGCCTCATTGGAGAACACCACGATGGGGTCTCCAAGGCCAACTTCTCCATCAGTC
*KIR2DS1*00301_rc,GACTGATGGAGAAGTTGGCCTTGGAGACCCCATCGTGGTGTTCTCCAATGAGGCGCAAAGTGTCG
*KIR2DS1*006,GTAACCCCAGACACCTACATATTCTGATTGGGACCTCAGTGGTCAAAATCCCTTTCACCATCCTC
*KIR2DS1*006_rc,GAGGATGGTGAAAGGGATTTTGACCACTGAGGTCCCAATCAGAATATGTAGGTGTCTGGGGTTAC
*KIR2DS2*004e2,CCTGCAGATGGATGGTCGATCATGATCTTTCTTTCCAGGCTTCTTCTTGCTGCAGGGGG
*KIR2DS2*004e2_rc,CCCCCTGCAGCAAGAAGAAGCCTGGAAAGAAAGATCATGATCGACCATCCATCTGCAGG
*KIR2DS2*004e7,TAACCCCAGACACCTGCACGTTCTGATTGGGACCTCAGTGGTCAAAATCCCTTTCACCA
*KIR2DS2*004e7_rc,TGGTGAAAGGGATTTTGACCACTGAGGTCCCAATCAGAACGTGCAGGTGTCTGGGGTTA
*KIR2DS2*007,TCCACAGAAAACCTTCCTTCCTGGCCCACCCAGGTCCCCTGGTGAAATCA
*KIR2DS2*007_rc,TGATTTCACCAGGGGACCTGGGTGGGCCAGGAAGGAAGGTTTTCTGTGGA
*KIR2DS2*009,AAAACCTTCCCTCCTGGCCCACCCAGGTTCCCTGGTGAAATCAGAAGAGA
*KIR2DS2*009_rc,TCTCTTCTGATTTCACCAGGGAACCTGGGTGGGCCAGGAGGGAAGGTTTT
*KIR2DS3*002,CGTGGGGAGAATGACAAGACGACTGTGGAGAGACGGAGAGCACACTGGGTACACAGGAAACTAAGGAGCAACAAGGAGTGTGTGTTTGACACTCACAGCCATTGGATTCACCTCGGGGTAG
*KIR2DS3*002_rc,CTACCCCGAGGTGAATCCAATGGCTGTGAGTGTCAAACACACACTCCTTGTTGCTCCTTAGTTTCCTGTGTACCCAGTGTGCTCTCCGTCTCTCCACAGTCGTCTTGTCATTCTCCCCACG
*KIR2DS3*001,CGTGGGGAGAATGACAAGACGACTGTGGAGAGACGGAGAGCACACTGGGTACACAGGAAACTAAGGAGCAACAAGGAGTGTGTGTTTGACACTCACAGCCATTGGATTCACCTCGGGGTAA
*KIR2DS3*001_rc,TTACCCCGAGGTGAATCCAATGGCTGTGAGTGTCAAACACACACTCCTTGTTGCTCCTTAGTTTCCTGTGTACCCAGTGTGCTCTCCGTCTCTCCACAGTCGTCTTGTCATTCTCCCCACG
*KIR2DS4*00101,GTACCATCTATCCAGGGAAGGGGAGGCCCATGAACGTAGGCTCCCTGCAGTGCGCAGCA
*KIR2DS4*00101_rc,TGCTGCGCACTGCAGGGAGCCTACGTTCATGGGCCTCCCCTTCCCTGGATAGATGGTAC
*KIR2DS4*00102,GTACCATCTATCCAGGGAGGGGGAGGCCCATGAACGTAGGCTCCCTGCAGTGCGCAGCA
*KIR2DS4*00102_rc,TGCTGCGCACTGCAGGGAGCCTACGTTCATGGGCCTCCCCCTCCCTGGATAGATGGTAC
*KIR2DS4*00103,TGCGCAGCATCAACGGAACATTCCAGGCTGACTTTCCTCTGGGCCCTGCCACCCACGGA
*KIR2DS4*00103_rc,TCCGTGGGTGGCAGGGCCCAGAGGAAAGTCAGCCTGGAATGTTCCGTTGATGCTGCGCA
*KIR2DS4*del003,GCTCCATCTATCCAGGGAAGGGGAGGCCCATGAACGTAGGCTCCCTGCAGTGCGCAGCA
*KIR2DS4*del003_rc,TGCTGCGCACTGCAGGGAGCCTACGTTCATGGGCCTCCCCTTCCCTGGATAGATGGAGC
*KIR2DS4*del006,GCTCCATCTATCCAGGGAGGGGGAGGCCCATGAACGTAGGCTCCCTGCAGTGCGCAGCA
*KIR2DS4*del006_rc,TGCTGCGCACTGCAGGGAGCCTACGTTCATGGGCCTCCCCCTCCCTGGATAGATGGAGC
*KIR2DS4*009,AGAAACCTTCTCTCTCAGCACAGCCGGGCCCCACGGTTCAGGCAGGAGAGAATGTGACC
*KIR2DS4*009_rc,GGTCACATTCTCTCCTGCCTGAACCGTGGGGCCCGGCTGTGCTGAGAGAGAAGGTTTCT
*KIR2DS4*del,CCTTGTCCTGCAGCTCCATCTATCCAGGGA
*KIR2DS4*del_rc,TCCCTGGATAGATGGAGCTGCAGGACAAGG
*KIR2DS5*A535,CCAAGGTCAACAGAACATTCCAGGCCGACT
*KIR2DS5*A535_rc,AGTCGGCCTGGAATGTTCTGTTGACCTTGG
*KIR2DS5*g535,GGAACATTCCAGGCCGACTTTCCTCTGGAG
*KIR2DS5*g535_rc,CTCCAGAGGAAAGTCGGCCTGGAATGTTCC
*KIR2DS5*010,CGTGACCTTGTTCTGCAGCTCCCGGAGCTC
*KIR2DS5*010_rc,GAGCTCCGGGAGCTGCAGAACAAGGTCACG
*KIR3DL1*002,ACCTTGTCCTGCAGCTCCCGGAGCTCCTATGACATGTACCATCTATCCAGGGAGCGGGGAGCCCA
*KIR3DL1*002_rc,TGGGCTCCCCGCTCCCTGGATAGATGGTACATGTCATAGGAGCTCCGGGAGCTGCAGGACAAGGT
*KIR3DL1*004,GGGTTCACACCCACACTCCCCCACTGGGTGGTTGGCACCCAGCAACCCCGTGGTGATCATGGTCA
*KIR3DL1*004_rc,TGACCATGATCACCACGGGGTTGCTGGGTGCCAACCACCCAGTGGGGGAGTGTGGGTGTGAACCC
*KIR3DL1*086,GGGTCTCCAAGGCCAATTTCTCCATCGGTCCCATGATGTTTGCCCTTGCAGGGACCTACAGAT
*KIR3DL1*086_rc,ATCTGTAGGTCCCTGCAAGGGCAAACATCATGGGACCGATGGAGAAATTGGCCTTGGAGACCC
*KIR3DL12*v,ATGCTTTGGCTCTTTCCGTCACTCTCCCTACGAGTTGTCAGACCCAAGTGACCCACTGCTTGT
*KIR3DL12*v_rc,ACAAGCAGTGGGTCACTTGGGTCTGACAACTCGTAGGGAGAGTGACGGAAAGAGCCAAAGCAT
*KIR3DL2*1265c,GTCGCCCTTCTCAGAGGCCCAAGACACCCCCAACAGATACCAGCGTGTACACGGAACTTCCAA
*KIR3DL2*1265c_rc,TTGGAAGTTCCGTGTACACGCTGGTATCTGTTGGGGGTGTCTTGGGCCTCTGAGAAGGGCGAC
*KIR3DL3*438C,TCCTGCAATGTTGGTCCGATGTCAGGTTTGAG
*KIR3DL3*438C_rc,CTCAAACCTGACATCGGACCAACATTGCAGGA
*KIR3DL3*565T,TCCCATGACACCTGCCTTTGCAGGGACCTACA
*KIR3DL3*565T_rc,TGTAGGTCCCTGCAAAGGCAGGTGTCATGGGA
*KIR3DL3*6A,ATGTCACTCATGGTCGTCAGCATGGCGTGTGT
*KIR3DL3*6A_rc,ACACACGCCATGCTGACGACCATGAGTGACAT
*KIR3DL3*893A,ATGCTTCGGCTCTTTCCATGCCCTGCCCCACG
*KIR3DL3*893A_rc,CGTGGGGCAGGGCATGGAAAGAGCCGAAGCAT
*KIR3DS1*049,AGCACTTCTTTCTGCACAAAGAGTGGATCTCTAAAACCCCTCACGCCTCGTTGGACAGATCCATG
*KIR3DS1*049_rc,CATGGATCTGTCCAACGAGGCGTGAGGGGTTTTAGAGATCCACTCTTTGTGCAGAAAGAAGTGCT
